method,edge_mae,ler_mae,lwr_mae
Classical: Threshold + sub-pixel,0.2848522058993232,0.10509321074387112,0.15626326660416723
Classical: Threshold + sub-pixel,0.2717789485937644,0.08701682092478769,0.09706973650741046
Classical: Threshold + sub-pixel,0.28427771141738184,0.10124192108313579,0.1360906283461425
Classical: Threshold + sub-pixel,0.2729742394041182,0.08918601948467908,0.145292879337366
Classical: Threshold + sub-pixel,0.2833541810455794,0.0945101378531803,0.1593512001372921
Classical: Threshold + sub-pixel,0.28845966710576837,0.11232410343107468,0.1591695749239166
Classical: Threshold + sub-pixel,0.29417834144682264,0.09635494571590275,0.14168750996973922
Classical: Threshold + sub-pixel,0.28647919247604176,0.09983109152055292,0.14758145039115633
Classical: Threshold + sub-pixel,0.2840017226024303,0.07285105934940872,0.08737311979943962
Classical: Threshold + sub-pixel,0.28162119775960975,0.0911282709662018,0.12381456613588782
Classical: Threshold + sub-pixel,0.28601369062603776,0.09690785971503679,0.16976890798881117
Classical: Threshold + sub-pixel,0.29012381171910423,0.08225128359610845,0.11647024791227079
Classical: Threshold + sub-pixel,0.2962528480932863,0.09140470056489114,0.13059688637529243
Classical: Threshold + sub-pixel,0.29029765777379,0.08716046072119421,0.13765787856396816
Classical: Threshold + sub-pixel,0.2857020123173551,0.08444377382478774,0.10345288703121902
Classical: Threshold + sub-pixel,0.2981841158925517,0.059310557668261654,0.0590595289514253
Classical: Threshold + sub-pixel,0.3046613969614324,0.08843115667979162,0.09690371164394751
Classical: Threshold + sub-pixel,0.3003905590324967,0.09146817097210835,0.14094668882795336
Classical: Threshold + sub-pixel,0.2918552874312245,0.0898962160176241,0.12318530694487762
Classical: Threshold + sub-pixel,0.3032924030491409,0.07546916677822968,0.11230094482084385
Classical: Threshold + sub-pixel,0.2801470919081659,0.09096281700527609,0.05816214405040587
Classical: Threshold + sub-pixel,0.2805756133102569,0.08788612948333019,0.041728842529983545
Classical: Threshold + sub-pixel,0.2779504299012161,0.0894907340620964,0.08319073775234531
Classical: Threshold + sub-pixel,0.2740311361619526,0.09628729720941664,0.08699859091408157
Classical: Threshold + sub-pixel,0.2811742201359748,0.08187775908793704,0.05429175951636589
Classical: Threshold + sub-pixel,0.291291309841772,0.08898209222568654,0.034799347523405855
Classical: Threshold + sub-pixel,0.285528275797725,0.08092155151343416,0.054181884304194794
Classical: Threshold + sub-pixel,0.27566015159805235,0.07265599918897703,0.042956396623761606
Classical: Threshold + sub-pixel,0.2874718840430778,0.09999077865307104,0.07912667677901886
Classical: Threshold + sub-pixel,0.273481643914991,0.09296246223905247,0.0765016129240399
Classical: Threshold + sub-pixel,0.2812495621783795,0.0876642614316947,0.05382586018038449
Classical: Threshold + sub-pixel,0.27370476308682806,0.07665514352682656,0.057499294733504236
Classical: Threshold + sub-pixel,0.2899671066276298,0.10014479922161179,0.06005874501111319
Classical: Threshold + sub-pixel,0.2973910727931343,0.09967675985353897,0.05716105562445439
Classical: Threshold + sub-pixel,0.29263461914915206,0.07992784042337597,0.07256633284999858
Classical: Threshold + sub-pixel,0.2947513670086966,0.09740307504230039,0.06457491593055198
Classical: Threshold + sub-pixel,0.29779927376620235,0.07667843852062539,0.0669057170589964
Classical: Threshold + sub-pixel,0.2932764659276137,0.07366978544535885,0.003363817335417796
Classical: Threshold + sub-pixel,0.3055728539740654,0.08677371813913792,0.022023455872102637
Classical: Threshold + sub-pixel,0.29239604654360263,0.07923259934297089,0.027928207670531613
Classical: Threshold + sub-pixel,0.19152792088775172,0.018665590350535943,0.0408132204371392
Classical: Threshold + sub-pixel,0.18706286851611392,0.015903966367979194,0.02106627759410573
Classical: Threshold + sub-pixel,0.19061167812914145,0.028258284851596205,0.01788739141699569
Classical: Threshold + sub-pixel,0.19779784968682756,0.03487543303265306,0.05147519271800416
Classical: Threshold + sub-pixel,0.18964652232739737,0.040462112071531386,0.07916621305777038
Classical: Threshold + sub-pixel,0.1930820146803065,0.02334360580715844,0.061233363731945545
Classical: Threshold + sub-pixel,0.19078713781933312,0.025583581206312545,0.04370225078339485
Classical: Threshold + sub-pixel,0.1967065997681348,0.038538658371646384,0.03705445416138531
Classical: Threshold + sub-pixel,0.1906830127044138,0.028893254893898268,0.04647411670167356
Classical: Threshold + sub-pixel,0.19009825897096538,0.008403401665764587,0.024772005160569766
Classical: Threshold + sub-pixel,0.20193457133823645,0.021362380642455214,0.020164614610160392
Classical: Threshold + sub-pixel,0.19676596136821836,0.0048143398479830735,0.012311264291165358
Classical: Threshold + sub-pixel,0.19878760930339734,0.01929594950905822,0.01516943801972559
Classical: Threshold + sub-pixel,0.20491693341062855,0.031039837796473124,0.05548524100497687
Classical: Threshold + sub-pixel,0.19194180729377763,0.022266342980772014,0.03292240629560794
Classical: Threshold + sub-pixel,0.21096562044108239,0.014306566143972965,0.03140089531708101
Classical: Threshold + sub-pixel,0.21374106825751518,0.01434967720941216,0.01671267668451737
Classical: Threshold + sub-pixel,0.2152675986885768,0.03178716792697134,0.032199366065156276
Classical: Threshold + sub-pixel,0.21348913477254167,0.012408617332880567,0.03126304286015924
Classical: Threshold + sub-pixel,0.21849831663758573,0.020254419157413217,0.006176779225672835
Classical: Threshold + sub-pixel,0.19009285239508456,0.02354141366027629,0.004541914994486973
Classical: Threshold + sub-pixel,0.1928351627124149,0.040446084979539165,0.020446286557451954
Classical: Threshold + sub-pixel,0.18668179833501153,0.015740700826896936,0.006087944209237195
Classical: Threshold + sub-pixel,0.18707986082376757,0.02356253897712446,0.02293168582535432
Classical: Threshold + sub-pixel,0.1908179344134341,0.038828234391573346,0.020822918615646335
Classical: Threshold + sub-pixel,0.19204394869199048,0.010152984554873457,0.020057875049969365
Classical: Threshold + sub-pixel,0.19124788961175407,0.015554294949342906,0.026852986296322046
Classical: Threshold + sub-pixel,0.18219325420014088,0.02954100083521327,0.029550890293206677
Classical: Threshold + sub-pixel,0.18472098066612275,0.025069379121161917,0.032061484652978756
Classical: Threshold + sub-pixel,0.19852389103695864,0.01918304977510754,0.0038894731435596963
Classical: Threshold + sub-pixel,0.20590423026882593,0.01270701412736086,0.011589078910009931
Classical: Threshold + sub-pixel,0.1941930292728928,0.0070565446940643595,0.00961559647104493
Classical: Threshold + sub-pixel,0.19728810535743874,0.038605772482209644,0.0012252360197315681
Classical: Threshold + sub-pixel,0.1920810587019974,0.018929063071990493,0.002098462783808097
Classical: Threshold + sub-pixel,0.2041916535269515,0.005106544374298583,0.009490156910819225
Classical: Threshold + sub-pixel,0.2147726369461804,0.03162880201983198,0.02747526473042372
Classical: Threshold + sub-pixel,0.21542908072432426,0.024345101259856783,0.002527159603013418
Classical: Threshold + sub-pixel,0.2057863692386273,0.01677688947338407,0.00950870010553273
Classical: Threshold + sub-pixel,0.2179207906993784,0.015023590402807097,0.03213595796468138
Classical: Threshold + sub-pixel,0.21953859475305573,0.02175686988687453,0.017656862826074926
Classical: Threshold + sub-pixel,0.23638513367862216,0.04281816865402177,0.061252757359735455
Classical: Threshold + sub-pixel,0.24154656665750174,0.045102033927905016,0.05669915014486726
Classical: Threshold + sub-pixel,0.2354027932078425,0.04294096172233963,0.057111380537341105
Classical: Threshold + sub-pixel,0.23041595688246258,0.056025305320034136,0.06046849046572511
Classical: Threshold + sub-pixel,0.24820231988253705,0.05324539569690834,0.07942157078463419
Classical: Threshold + sub-pixel,0.24249433757452638,0.04448966276586419,0.06152145154270716
Classical: Threshold + sub-pixel,0.24083416542951203,0.053227271882482774,0.0627350197407539
Classical: Threshold + sub-pixel,0.24399488289487464,0.05124694147062314,0.055337906526320424
Classical: Threshold + sub-pixel,0.23492234438236215,0.035051834153652095,0.033385148254650776
Classical: Threshold + sub-pixel,0.2416242065726175,0.04842288484191404,0.07403185346838859
Classical: Threshold + sub-pixel,0.2535032930140384,0.03380957869604251,0.05053754442550251
Classical: Threshold + sub-pixel,0.24682673233675576,0.03610952399712619,0.05329369896760916
Classical: Threshold + sub-pixel,0.23820978585491567,0.040616632032141387,0.07342384670579016
Classical: Threshold + sub-pixel,0.26351572427227565,0.060520848663830784,0.09150559081714604
Classical: Threshold + sub-pixel,0.25089315778918236,0.04501961474699612,0.06336381644582145
Classical: Threshold + sub-pixel,0.25510952221665095,0.03823076540074488,0.021329081997315757
Classical: Threshold + sub-pixel,0.27982183354814516,0.07141109902357756,0.10052823793214749
Classical: Threshold + sub-pixel,0.26482110200383524,0.04153698377467574,0.06509104496915485
Classical: Threshold + sub-pixel,0.26088872901162474,0.052004103868200646,0.058707319738709796
Classical: Threshold + sub-pixel,0.2604007787778689,0.04124683498084136,0.05371204702102772
Classical: Threshold + sub-pixel,0.23771606573028034,0.02584283088267536,0.007750424749109808
Classical: Threshold + sub-pixel,0.2326437697050664,0.04294061159469542,0.011612788743493807
Classical: Threshold + sub-pixel,0.24075632673822797,0.03929299975922418,0.009498137480829616
Classical: Threshold + sub-pixel,0.2370602050022501,0.05695146891184821,0.043009542007470536
Classical: Threshold + sub-pixel,0.24883721364860972,0.06360804297890377,0.04287736091790739
Classical: Threshold + sub-pixel,0.24578307470332197,0.043683537166098074,0.025938127695441127
Classical: Threshold + sub-pixel,0.23763920869813532,0.0733410257883208,0.026560454983006077
Classical: Threshold + sub-pixel,0.2458667581689846,0.05562067610725374,0.04743664313276619
Classical: Threshold + sub-pixel,0.2491476038291286,0.03571560345289415,0.043147119944150436
Classical: Threshold + sub-pixel,0.23423755692913156,0.045104628171513395,0.019345621564109905
Classical: Threshold + sub-pixel,0.2497494208777017,0.04584434958442152,0.02644255298622422
Classical: Threshold + sub-pixel,0.25274008883128807,0.0590639738288492,0.05103115940562564
Classical: Threshold + sub-pixel,0.2493115857090002,0.034570371016798385,0.013667123713347662
Classical: Threshold + sub-pixel,0.2500669545820131,0.05429279670690457,0.01814286312835467
Classical: Threshold + sub-pixel,0.2396597730679749,0.04975437196152144,0.005214298726238242
Classical: Threshold + sub-pixel,0.25273145318204315,0.024426436799451,0.0019134729708456533
Classical: Threshold + sub-pixel,0.2691913184414182,0.03155260738215693,0.032160089874856856
Classical: Threshold + sub-pixel,0.26391091602962236,0.03996609674585416,0.020464087652844798
Classical: Threshold + sub-pixel,0.2557769971509347,0.061369077430564856,0.03321083464362373
Classical: Threshold + sub-pixel,0.26786421627516477,0.05152116128915407,0.017834946530228102
Classical: Threshold + sub-pixel,0.17493618203794337,0.03170447180757652,0.05363416506488594
Classical: Threshold + sub-pixel,0.1692811739617084,0.02126739743268402,0.007971261574338584
Classical: Threshold + sub-pixel,0.18013489255201495,0.005790915154548548,0.0085954403820665
Classical: Threshold + sub-pixel,0.1747655212472501,0.02239247732392624,0.0010705938344282018
Classical: Threshold + sub-pixel,0.17741407348820543,0.020265589320041077,0.002958173001341713
Classical: Threshold + sub-pixel,0.18547268005046702,0.021734172308457866,0.0028523980074770527
Classical: Threshold + sub-pixel,0.1812223904255248,0.009874885991576487,0.004087408128388592
Classical: Threshold + sub-pixel,0.18819161392794168,0.004440953789121571,0.0032636083091439616
Classical: Threshold + sub-pixel,0.18071493380803233,0.017643506516568097,0.015347914189917766
Classical: Threshold + sub-pixel,0.17871863574404534,0.013938785995468272,0.006753251576190777
Classical: Threshold + sub-pixel,0.19028969778736043,0.007840837914759202,0.008248559427481705
Classical: Threshold + sub-pixel,0.18806212063070005,0.009510242080554066,0.0011378626171492101
Classical: Threshold + sub-pixel,0.18499487378246504,0.003398876668692097,0.0010337432075804287
Classical: Threshold + sub-pixel,0.17783010158965012,0.0009977519041109995,0.007514983977844114
Classical: Threshold + sub-pixel,0.1776999895091544,0.009944271617160938,0.005268678792730075
Classical: Threshold + sub-pixel,0.19883893709909545,0.019985403462403406,0.0121856420869908
Classical: Threshold + sub-pixel,0.20682797760680174,0.0218398998676953,0.03250346799200621
Classical: Threshold + sub-pixel,0.1962789679971248,0.016260547167092798,0.005387277409386382
Classical: Threshold + sub-pixel,0.2013231935255858,0.010257704952811642,0.021075162185162366
Classical: Threshold + sub-pixel,0.20487748511929532,0.002513950094876316,0.019521989096612957
Classical: Threshold + sub-pixel,0.18677239437568566,0.00975217501734782,0.029211549877578236
Classical: Threshold + sub-pixel,0.17658607954711916,0.008763516750425748,0.026716624072743
Classical: Threshold + sub-pixel,0.17319903971363088,0.004652166826462967,0.011561697694036255
Classical: Threshold + sub-pixel,0.16699047628143104,0.0060636182618823975,0.03206542765755693
Classical: Threshold + sub-pixel,0.17303761730200692,0.01058420122148418,0.024324192770244002
Classical: Threshold + sub-pixel,0.17862929573228753,0.020484385047718545,0.026397088413784964
Classical: Threshold + sub-pixel,0.17630347155062162,0.008785284418241557,0.05577891206436192
Classical: Threshold + sub-pixel,0.175925139483599,0.0038144928804304534,0.0070426472897837655
Classical: Threshold + sub-pixel,0.18063391996548925,0.006928353681290744,0.02127430392118379
Classical: Threshold + sub-pixel,0.17290455739205338,0.002078119774833409,0.06502851015641942
Classical: Threshold + sub-pixel,0.18973146432063842,0.00978314861755114,0.0015803704867807244
Classical: Threshold + sub-pixel,0.18749093933930278,0.018553549465992192,0.03105350378340177
Classical: Threshold + sub-pixel,0.1871723272084571,0.008763428310275878,0.012408589487156396
Classical: Threshold + sub-pixel,0.19803256349693904,0.009727064617948478,0.03243066086187962
Classical: Threshold + sub-pixel,0.19006288891034673,0.02136523183771899,0.02442785779484935
Classical: Threshold + sub-pixel,0.19789213103721492,0.011758748725221868,0.03251260933899913
Classical: Threshold + sub-pixel,0.20043093605105172,0.02574394213487685,0.01643868210059951
Classical: Threshold + sub-pixel,0.19601215401041638,0.018751360480410595,0.07055613661292126
Classical: Threshold + sub-pixel,0.18954364459151785,0.00358199196025899,0.0032097714082275353
Classical: Threshold + sub-pixel,0.1945612661849164,0.009029951045092188,0.022447234938346217
Classical: Threshold + sub-pixel,0.4251725747834615,0.15103313923267825,0.21861698708389854
Classical: Threshold + sub-pixel,0.41986431786630596,0.17022651119554677,0.24547020050413204
Classical: Threshold + sub-pixel,0.43038496955451366,0.18757610559312465,0.26596673826458783
Classical: Threshold + sub-pixel,0.41683065796224605,0.18164167325749925,0.247468441343901
Classical: Threshold + sub-pixel,0.4182729275385974,0.16174100641461986,0.23850624967133616
Classical: Threshold + sub-pixel,0.4308179843557956,0.17039916361072605,0.24611893164604393
Classical: Threshold + sub-pixel,0.44168168584439005,0.17224065653826526,0.27026530606126276
Classical: Threshold + sub-pixel,0.4311254304984452,0.16649653686739585,0.21551056560448512
Classical: Threshold + sub-pixel,0.4182408991783117,0.16768230236742587,0.2240405790855382
Classical: Threshold + sub-pixel,0.43371570725264064,0.1614989721945117,0.23612221705248526
Classical: Threshold + sub-pixel,0.42591455122017485,0.17485735113006218,0.21890498168073957
Classical: Threshold + sub-pixel,0.41683449263546624,0.1554085595476391,0.2072972490621341
Classical: Threshold + sub-pixel,0.4426164770569979,0.20016029748534692,0.2804355668377543
Classical: Threshold + sub-pixel,0.4378081953357432,0.17797264464524298,0.22099928939724744
Classical: Threshold + sub-pixel,0.4398820410273073,0.1641755067245798,0.2514246189065723
Classical: Threshold + sub-pixel,0.46422977387881026,0.186738779456741,0.26779033304920397
Classical: Threshold + sub-pixel,0.4428960240372257,0.17456924212874636,0.2571836060268886
Classical: Threshold + sub-pixel,0.45071309254194913,0.16354392546743957,0.24030737140670233
Classical: Threshold + sub-pixel,0.44961362277707867,0.15485923236242227,0.2643880521175572
Classical: Threshold + sub-pixel,0.4484329136969409,0.16256818238979398,0.242078149831217
Classical: Threshold + sub-pixel,0.43687560695567224,0.16535355268942742,0.09433342981852233
Classical: Threshold + sub-pixel,0.4137096777304736,0.18039906479564904,0.1534966966105138
Classical: Threshold + sub-pixel,0.4291986346944024,0.1700764135120192,0.15266646213344437
Classical: Threshold + sub-pixel,0.41311160946324177,0.14866906237165045,0.16297260915582257
Classical: Threshold + sub-pixel,0.4165030581469342,0.1604490687879585,0.16040156730828148
Classical: Threshold + sub-pixel,0.4457015147331882,0.22969172468187637,0.14293845951653417
Classical: Threshold + sub-pixel,0.4393970915226803,0.17696294995622952,0.1112642458329054
Classical: Threshold + sub-pixel,0.4319361574257412,0.17482021376600998,0.13667230206616665
Classical: Threshold + sub-pixel,0.4409239439152369,0.15049212686095825,0.09953600269184282
Classical: Threshold + sub-pixel,0.4228093061816398,0.1597608310651839,0.15276070542011544
Classical: Threshold + sub-pixel,0.429777133491378,0.16529440514877192,0.16303435968492375
Classical: Threshold + sub-pixel,0.42387256188696126,0.15862085284959893,0.13234841739552028
Classical: Threshold + sub-pixel,0.42595434635935153,0.192052791841818,0.14369564155550751
Classical: Threshold + sub-pixel,0.44758562983016303,0.14568991088206462,0.07409304960304519
Classical: Threshold + sub-pixel,0.44021835494748773,0.18533284239261127,0.11496181351411483
Classical: Threshold + sub-pixel,0.45267225104860087,0.14910674318695194,0.15014477416674454
Classical: Threshold + sub-pixel,0.4471204131615454,0.16277429371497298,0.11600397526381956
Classical: Threshold + sub-pixel,0.460043971047457,0.18976608419484586,0.15664489705422957
Classical: Threshold + sub-pixel,0.4490195574895657,0.20283385582137026,0.1538368034020401
Classical: Threshold + sub-pixel,0.46374931640676975,0.1909516924486474,0.1409021137206934
Classical: Threshold + sub-pixel,0.2419299225073829,0.041117309048046335,0.08514278598092373
Classical: Threshold + sub-pixel,0.2585904259759623,0.07117597325135305,0.1114419481922937
Classical: Threshold + sub-pixel,0.253308594052398,0.043784033249460785,0.06512476205631934
Classical: Threshold + sub-pixel,0.2588094183494903,0.05157343020905669,0.10449974948623186
Classical: Threshold + sub-pixel,0.24994590336257,0.07669824289229554,0.10700929743557097
Classical: Threshold + sub-pixel,0.264280918292369,0.07187569959026718,0.0807635883488178
Classical: Threshold + sub-pixel,0.2579465328664333,0.05476906934893022,0.10784395853348805
Classical: Threshold + sub-pixel,0.2581986525785603,0.050792812106402296,0.08978744995509036
Classical: Threshold + sub-pixel,0.2605816220699408,0.05558990669502428,0.06851050166656414
Classical: Threshold + sub-pixel,0.2785344039334236,0.12413173342229777,0.17608136439478983
Classical: Threshold + sub-pixel,0.2598637169474046,0.04919954302368246,0.07559817398879609
Classical: Threshold + sub-pixel,0.2747959776153063,0.0373442137626292,0.07823056387360428
Classical: Threshold + sub-pixel,0.26548202313800195,0.05285217427386946,0.057722094272054214
Classical: Threshold + sub-pixel,0.26487803416559863,0.050099561558295536,0.0746192196522788
Classical: Threshold + sub-pixel,0.2712831564917867,0.03554330812116091,0.06096956246558527
Classical: Threshold + sub-pixel,0.27864899545675254,0.05516357566840413,0.10290701670989133
Classical: Threshold + sub-pixel,0.288310421829808,0.061096439643344214,0.0875585559953822
Classical: Threshold + sub-pixel,0.28575068956879096,0.04573101735189966,0.08930910991243657
Classical: Threshold + sub-pixel,0.2746365700933079,0.042729842805864005,0.07167365794791802
Classical: Threshold + sub-pixel,0.2909544993491915,0.06742632630980494,0.08942401116924081
Classical: Threshold + sub-pixel,0.252532736767007,0.040345213183205386,0.03588370662966822
Classical: Threshold + sub-pixel,0.2541620835194869,0.06284152938204834,0.035194187613039496
Classical: Threshold + sub-pixel,0.2590219742319689,0.06314482389002962,0.056284637371227575
Classical: Threshold + sub-pixel,0.2568594717334892,0.05186014361827329,0.044146457095788794
Classical: Threshold + sub-pixel,0.26412012375424143,0.05418049693946814,0.0475450174729497
Classical: Threshold + sub-pixel,0.25795635005500345,0.05909693928829807,0.06236836230893772
Classical: Threshold + sub-pixel,0.24753054264652832,0.05802118633084019,0.0708724012285411
Classical: Threshold + sub-pixel,0.2646420565172254,0.04074088099524764,0.015047368410026518
Classical: Threshold + sub-pixel,0.25648598346991086,0.045016051840014226,0.04722384343417785
Classical: Threshold + sub-pixel,0.25181967544812833,0.06593647909991374,0.07371371933767801
Classical: Threshold + sub-pixel,0.2720433609664282,0.04063975078601034,0.03794430457589959
Classical: Threshold + sub-pixel,0.2679012663595429,0.03350656596054957,0.016651411273192362
Classical: Threshold + sub-pixel,0.2681140203499119,0.05213275536165862,0.035536883394056584
Classical: Threshold + sub-pixel,0.250330503770212,0.043510123821862035,0.043926216360593795
Classical: Threshold + sub-pixel,0.25879244237645344,0.046899862792412206,0.026258439325941296
Classical: Threshold + sub-pixel,0.272518352077433,0.056886217216906454,0.025871716100057895
Classical: Threshold + sub-pixel,0.2858672658597051,0.0455008309399445,0.049767474938082756
Classical: Threshold + sub-pixel,0.3020785170157303,0.11813889346267459,0.07447617777056958
Classical: Threshold + sub-pixel,0.2980610874989532,0.09372335520040664,0.040371360174995985
Classical: Threshold + sub-pixel,0.2772005241940749,0.043512628827023336,0.012144222576867314
Classical: Threshold + sub-pixel,0.36377146025324164,0.12042458660552224,0.14010790779804516
Classical: Threshold + sub-pixel,0.35284060877129664,0.10235639208890102,0.14309080414540176
Classical: Threshold + sub-pixel,0.35225673664790147,0.09628571141806397,0.1233954248808864
Classical: Threshold + sub-pixel,0.35278160919636264,0.0928420070575593,0.11082967632674956
Classical: Threshold + sub-pixel,0.3680925977593275,0.10885721493657985,0.15135908094492967
Classical: Threshold + sub-pixel,0.3804374013419386,0.12377090854898443,0.16742118526995098
Classical: Threshold + sub-pixel,0.36476942667657775,0.07308163686791636,0.06884686964236053
Classical: Threshold + sub-pixel,0.3620601726240858,0.10246229492365533,0.16004206507444074
Classical: Threshold + sub-pixel,0.3653991512237704,0.09878031327843195,0.1181322029874412
Classical: Threshold + sub-pixel,0.3731586041488214,0.10082514119140451,0.1570243175923336
Classical: Threshold + sub-pixel,0.3783563396632422,0.11945769250669724,0.2012528136370202
Classical: Threshold + sub-pixel,0.37945355283836113,0.11242823145027958,0.18423983317831905
Classical: Threshold + sub-pixel,0.3824190754996188,0.11844322968146637,0.17807009538072682
Classical: Threshold + sub-pixel,0.36927953724813134,0.10576089854261106,0.14948709044454045
Classical: Threshold + sub-pixel,0.3644370403728435,0.08649281222966776,0.1402300495919384
Classical: Threshold + sub-pixel,0.397194822968176,0.06872675049874588,0.10619416302274498
Classical: Threshold + sub-pixel,0.38624035213130803,0.09043467190428989,0.14838694791545093
Classical: Threshold + sub-pixel,0.4012667934691976,0.11063049727258134,0.12999679444504597
Classical: Threshold + sub-pixel,0.3788056488647752,0.09316116149027431,0.11599511374005012
Classical: Threshold + sub-pixel,0.3902585328988186,0.10251839765774129,0.1373868626261876
Classical: Threshold + sub-pixel,0.3629883735683668,0.1060606012281693,0.10356457007535003
Classical: Threshold + sub-pixel,0.35431039701386463,0.08050878895880209,0.06571183187280072
Classical: Threshold + sub-pixel,0.35107870027937926,0.09943683626895994,0.059919949123125704
Classical: Threshold + sub-pixel,0.36199532183458616,0.11186025741917116,0.07501979405944548
Classical: Threshold + sub-pixel,0.36094795143057457,0.10181715128989244,0.09771162327549865
Classical: Threshold + sub-pixel,0.38498889586414364,0.14538289919774017,0.12425999310895763
Classical: Threshold + sub-pixel,0.3718741305424901,0.10795256386360741,0.09211892941899258
Classical: Threshold + sub-pixel,0.3614547630080439,0.14482012355471818,0.11080368657240935
Classical: Threshold + sub-pixel,0.3674378397889741,0.09952489373614237,0.06560723773702382
Classical: Threshold + sub-pixel,0.37282923528971035,0.1054873196897883,0.04409961198436463
Classical: Threshold + sub-pixel,0.37476863169001684,0.10815198485797772,0.09184729483277776
Classical: Threshold + sub-pixel,0.3610667937318682,0.10236904894190513,0.08740862294877871
Classical: Threshold + sub-pixel,0.38648818091828213,0.13681096286600458,0.10588950815242004
Classical: Threshold + sub-pixel,0.3608833616845355,0.09290722119042094,0.07749921545169958
Classical: Threshold + sub-pixel,0.37400800930991496,0.09171538032228255,0.08731941849834213
Classical: Threshold + sub-pixel,0.38698924309636407,0.10837507134591662,0.08268456473962038
Classical: Threshold + sub-pixel,0.38538651364381404,0.09170433130423628,0.06209454394350855
Classical: Threshold + sub-pixel,0.37314180002563224,0.09792058686623051,0.06489697438175801
Classical: Threshold + sub-pixel,0.3707399659901297,0.10310217594085502,0.019903874498653273
Classical: Threshold + sub-pixel,0.3889920330118138,0.08183445253169874,0.050625610087830175
Classical: Threshold + sub-pixel,0.20196468204777518,0.008487238721972101,0.003977261592968517
Classical: Threshold + sub-pixel,0.19586473961644824,0.016793979364489342,0.01870332054508861
Classical: Threshold + sub-pixel,0.2045910047371206,0.03963557005478924,0.06166676244411118
Classical: Threshold + sub-pixel,0.1920834960804291,0.02538421516028322,0.02738041512644429
Classical: Threshold + sub-pixel,0.19306093383998646,0.0053438501970037855,0.02456677757956438
Classical: Threshold + sub-pixel,0.1932215779975913,0.02275677124451958,4.752447829226014e-05
Classical: Threshold + sub-pixel,0.19741501763871655,0.013677899549458195,0.005882414929314628
Classical: Threshold + sub-pixel,0.20416648439112203,0.02136462033731945,0.01187781375215824
Classical: Threshold + sub-pixel,0.1977808532912919,0.034630995399278275,0.026462375872672972
Classical: Threshold + sub-pixel,0.2052379521687051,0.019081414617011294,0.04074404799801101
Classical: Threshold + sub-pixel,0.20852143697838266,0.03115850421494626,0.05353347671480968
Classical: Threshold + sub-pixel,0.20446785429813097,0.0028039962369632576,0.014976297304932107
Classical: Threshold + sub-pixel,0.20825396377233257,0.0073832946392700105,0.003998255903492343
Classical: Threshold + sub-pixel,0.2093689118676484,0.014666745949324156,0.0204173015536373
Classical: Threshold + sub-pixel,0.21037395423860666,0.004080212043469755,0.009267733100778663
Classical: Threshold + sub-pixel,0.22698100558066164,0.023895406407638653,0.02903493960906456
Classical: Threshold + sub-pixel,0.22194103283600802,0.022717886230660955,0.03221348357299192
Classical: Threshold + sub-pixel,0.21796497268332332,0.024035817940177617,0.014319785629808734
Classical: Threshold + sub-pixel,0.21712163841290671,0.008339299494869001,0.0028334736276525163
Classical: Threshold + sub-pixel,0.2215409410886818,0.019682817483319015,0.013265213755333072
Classical: Threshold + sub-pixel,0.20115275354037165,0.015859058593426623,0.007182603252355424
Classical: Threshold + sub-pixel,0.20081350886168214,0.021582532855100256,0.02345157915318108
Classical: Threshold + sub-pixel,0.19918092106558852,0.018077654096446905,0.015531534161671523
Classical: Threshold + sub-pixel,0.19019039070161597,0.00532374392201973,0.012920927994914955
Classical: Threshold + sub-pixel,0.1931053880768762,0.016999312716308834,0.008945185122426036
Classical: Threshold + sub-pixel,0.19963299448699828,0.018215523984095316,0.014213640720944554
Classical: Threshold + sub-pixel,0.20278665949557514,0.015658982776296737,0.007306794089688484
Classical: Threshold + sub-pixel,0.19462198947675372,0.008345044141025992,0.0034077061399750974
Classical: Threshold + sub-pixel,0.20324007602838676,0.018610436658689666,0.006666576834051252
Classical: Threshold + sub-pixel,0.19784743142064554,0.00945530909400838,0.009556736355353035
Classical: Threshold + sub-pixel,0.23125296462319522,0.07987908669649046,0.04911074214582811
Classical: Threshold + sub-pixel,0.19906280002898963,0.024495647401735043,0.001271286691233664
Classical: Threshold + sub-pixel,0.2188645394012981,0.05259586715923659,0.040931596840291906
Classical: Threshold + sub-pixel,0.2102104980715318,0.01258750157293509,0.008837291397312264
Classical: Threshold + sub-pixel,0.2107682197310043,0.020421922530899472,0.005514129539397672
Classical: Threshold + sub-pixel,0.2096564049829347,0.01248353855727058,0.0459882805643832
Classical: Threshold + sub-pixel,0.22593260963577205,0.019313779677219145,0.02673538835459288
Classical: Threshold + sub-pixel,0.21444295946390052,0.023764178003139902,0.007375709258181651
Classical: Threshold + sub-pixel,0.21567415985637145,0.020100785187140868,0.015480270991161671
Classical: Threshold + sub-pixel,0.21553495645521653,0.021269011790534087,0.007564674805510041
"Learned (U-Net), Seg-only",0.40296758711338043,0.18563950061798096,0.22677302360534668
"Learned (U-Net), Seg-only",0.42682814598083496,0.19108188152313232,0.29357028007507324
"Learned (U-Net), Seg-only",0.4182724803686142,0.1979958415031433,0.2415527105331421
"Learned (U-Net), Seg-only",0.4246527999639511,0.19089758396148682,0.30963194370269775
"Learned (U-Net), Seg-only",0.42447739839553833,0.19207006692886353,0.14854156970977783
"Learned (U-Net), Seg-only",0.43327251076698303,0.21304291486740112,0.14457178115844727
"Learned (U-Net), Seg-only",0.4338884949684143,0.1889072060585022,0.12771070003509521
"Learned (U-Net), Seg-only",0.4224650412797928,0.20378148555755615,0.1565535068511963
"Learned (U-Net), Seg-only",0.25095030665397644,0.08540612459182739,0.10950446128845215
"Learned (U-Net), Seg-only",0.24087118357419968,0.0866660475730896,0.10689067840576172
"Learned (U-Net), Seg-only",0.2511819899082184,0.08372092247009277,0.12656927108764648
"Learned (U-Net), Seg-only",0.23772350698709488,0.0631595253944397,0.05800175666809082
"Learned (U-Net), Seg-only",0.2513171285390854,0.056523799896240234,0.01913166046142578
"Learned (U-Net), Seg-only",0.2590983659029007,0.08436423540115356,0.06748747825622559
"Learned (U-Net), Seg-only",0.26525798439979553,0.08130466938018799,0.02857363224029541
"Learned (U-Net), Seg-only",0.258816197514534,0.09449195861816406,0.06844508647918701
"Learned (U-Net), Seg-only",0.33496589958667755,0.10008823871612549,0.18532848358154297
"Learned (U-Net), Seg-only",0.33516374230384827,0.12004268169403076,0.1642909049987793
"Learned (U-Net), Seg-only",0.3522307127714157,0.12925243377685547,0.17948412895202637
"Learned (U-Net), Seg-only",0.34217992424964905,0.1272658109664917,0.16983890533447266
"Learned (U-Net), Seg-only",0.34360863268375397,0.11189085245132446,0.06921994686126709
"Learned (U-Net), Seg-only",0.33274969458580017,0.09946370124816895,0.10342347621917725
"Learned (U-Net), Seg-only",0.33034688234329224,0.08163774013519287,0.03400897979736328
"Learned (U-Net), Seg-only",0.3385016918182373,0.11897778511047363,0.055164217948913574
"Learned (U-Net), Seg-only",0.1700289025902748,0.02286684513092041,0.03353738784790039
"Learned (U-Net), Seg-only",0.19894317537546158,0.023372530937194824,0.011208057403564453
"Learned (U-Net), Seg-only",0.17106348276138306,0.018057405948638916,0.03402304649353027
"Learned (U-Net), Seg-only",0.18209879845380783,0.034308791160583496,0.0556178092956543
"Learned (U-Net), Seg-only",0.20125891268253326,0.031742751598358154,0.015910029411315918
"Learned (U-Net), Seg-only",0.17353181540966034,0.02853572368621826,0.01581871509552002
"Learned (U-Net), Seg-only",0.17286032438278198,0.013521015644073486,0.00536656379699707
"Learned (U-Net), Seg-only",0.18391835689544678,0.014695942401885986,0.019202113151550293
"Learned (U-Net), Seg-only",0.7737923264503479,0.3250333070755005,0.47727084159851074
"Learned (U-Net), Seg-only",0.7657553851604462,0.3219205141067505,0.44420385360717773
"Learned (U-Net), Seg-only",0.7522109150886536,0.30214738845825195,0.4176647663116455
"Learned (U-Net), Seg-only",0.7343283593654633,0.29462122917175293,0.42348170280456543
"Learned (U-Net), Seg-only",0.7397743165493011,0.26874756813049316,0.21734857559204102
"Learned (U-Net), Seg-only",0.7951651215553284,0.3420172929763794,0.22723674774169922
"Learned (U-Net), Seg-only",0.7723689675331116,0.31843340396881104,0.22567248344421387
"Learned (U-Net), Seg-only",0.7721817791461945,0.3377082347869873,0.3054792881011963
"Learned (U-Net), Seg-only",0.41050079464912415,0.13575172424316406,0.22181153297424316
"Learned (U-Net), Seg-only",0.42640359699726105,0.14567816257476807,0.2204151153564453
"Learned (U-Net), Seg-only",0.39671480655670166,0.14479506015777588,0.22590279579162598
"Learned (U-Net), Seg-only",0.4118950366973877,0.145868182182312,0.18098068237304688
"Learned (U-Net), Seg-only",0.42024587094783783,0.1317223310470581,0.1197667121887207
"Learned (U-Net), Seg-only",0.4229845255613327,0.12131214141845703,0.11705517768859863
"Learned (U-Net), Seg-only",0.4212907552719116,0.12974190711975098,0.09677577018737793
"Learned (U-Net), Seg-only",0.39659661054611206,0.12620854377746582,0.11812353134155273
"Learned (U-Net), Seg-only",0.6110719740390778,0.23505175113677979,0.358731746673584
"Learned (U-Net), Seg-only",0.6237764954566956,0.21512627601623535,0.32166242599487305
"Learned (U-Net), Seg-only",0.6012987792491913,0.22319424152374268,0.355510950088501
"Learned (U-Net), Seg-only",0.6071653962135315,0.2293769121170044,0.30361223220825195
"Learned (U-Net), Seg-only",0.6175945997238159,0.21405768394470215,0.10339689254760742
"Learned (U-Net), Seg-only",0.6801556348800659,0.25948476791381836,0.18386054039001465
"Learned (U-Net), Seg-only",0.5913173854351044,0.1945258378982544,0.20316505432128906
"Learned (U-Net), Seg-only",0.6088681519031525,0.22587203979492188,0.16800808906555176
"Learned (U-Net), Seg-only",0.2587295323610306,0.05054342746734619,0.06545543670654297
"Learned (U-Net), Seg-only",0.26257744431495667,0.05115926265716553,0.07171082496643066
"Learned (U-Net), Seg-only",0.2540014088153839,0.06560385227203369,0.07715177536010742
"Learned (U-Net), Seg-only",0.25484855473041534,0.05614173412322998,0.06780099868774414
"Learned (U-Net), Seg-only",0.24846403300762177,0.05572497844696045,0.04917454719543457
"Learned (U-Net), Seg-only",0.2609933614730835,0.060211777687072754,0.09548592567443848
"Learned (U-Net), Seg-only",0.2672123461961746,0.05498838424682617,0.011455297470092773
"Learned (U-Net), Seg-only",0.25464390963315964,0.046047210693359375,0.06514811515808105
"Learned (U-Net), Full",0.46581166982650757,0.07400953769683838,0.10060381889343262
"Learned (U-Net), Full",0.4884491115808487,0.061663925647735596,0.12883710861206055
"Learned (U-Net), Full",0.4651251882314682,0.08416563272476196,0.12742161750793457
"Learned (U-Net), Full",0.4870976507663727,0.05517178773880005,0.14047527313232422
"Learned (U-Net), Full",0.4699812978506088,0.08055871725082397,0.05115020275115967
"Learned (U-Net), Full",0.4894963502883911,0.027884244918823242,0.09754836559295654
"Learned (U-Net), Full",0.4732610583305359,0.09373372793197632,0.010288715362548828
"Learned (U-Net), Full",0.46906399726867676,0.08099299669265747,0.04422891139984131
"Learned (U-Net), Full",0.29430556297302246,0.03990495204925537,0.09097576141357422
"Learned (U-Net), Full",0.29046833515167236,0.03768223524093628,0.052142977714538574
"Learned (U-Net), Full",0.2974669337272644,0.032504141330718994,0.0574796199798584
"Learned (U-Net), Full",0.2793310880661011,0.03475308418273926,0.0255051851272583
"Learned (U-Net), Full",0.3028996139764786,0.040332794189453125,0.04562056064605713
"Learned (U-Net), Full",0.3102077841758728,0.030221164226531982,0.018569350242614746
"Learned (U-Net), Full",0.31829966604709625,0.06869512796401978,0.033640146255493164
"Learned (U-Net), Full",0.3121616691350937,0.03411245346069336,0.005368351936340332
"Learned (U-Net), Full",0.3819354921579361,0.049036502838134766,0.08880341053009033
"Learned (U-Net), Full",0.3734968900680542,0.052469849586486816,0.09273672103881836
"Learned (U-Net), Full",0.39752672612667084,0.02675992250442505,0.04009056091308594
"Learned (U-Net), Full",0.3909558951854706,0.04919838905334473,0.07110285758972168
"Learned (U-Net), Full",0.3859475404024124,0.023145198822021484,0.06153059005737305
"Learned (U-Net), Full",0.3569616973400116,0.031280517578125,0.06437385082244873
"Learned (U-Net), Full",0.3667921721935272,0.04572904109954834,0.03103315830230713
"Learned (U-Net), Full",0.36775463819503784,0.05656510591506958,0.025899529457092285
"Learned (U-Net), Full",0.21915414929389954,0.018619835376739502,0.00901031494140625
"Learned (U-Net), Full",0.25624696910381317,0.028356730937957764,0.01425933837890625
"Learned (U-Net), Full",0.23111610859632492,0.01008450984954834,0.024596691131591797
"Learned (U-Net), Full",0.22382663190364838,0.00396496057510376,0.021286368370056152
"Learned (U-Net), Full",0.2361348494887352,0.02101200819015503,0.008716344833374023
"Learned (U-Net), Full",0.23559745401144028,0.03908413648605347,0.010606050491333008
"Learned (U-Net), Full",0.23221412301063538,0.027674436569213867,0.03899955749511719
"Learned (U-Net), Full",0.21608813107013702,0.0203058123588562,0.023506641387939453
"Learned (U-Net), Full",1.2177202105522156,0.08324730396270752,0.19974660873413086
"Learned (U-Net), Full",1.1885229349136353,0.047350287437438965,0.04714536666870117
"Learned (U-Net), Full",1.226150929927826,0.3165353536605835,0.3592038154602051
"Learned (U-Net), Full",1.1555299758911133,0.12288546562194824,0.11582469940185547
"Learned (U-Net), Full",1.1335799098014832,0.11026871204376221,0.40215325355529785
"Learned (U-Net), Full",1.27534818649292,0.14915096759796143,0.3758225440979004
"Learned (U-Net), Full",1.2143667936325073,0.15413618087768555,0.4987003803253174
"Learned (U-Net), Full",1.21563720703125,0.06833970546722412,0.34491777420043945
"Learned (U-Net), Full",0.6579570770263672,0.08847558498382568,0.08438730239868164
"Learned (U-Net), Full",0.7061668038368225,0.15182757377624512,0.2314600944519043
"Learned (U-Net), Full",0.6969368755817413,0.08559346199035645,0.09430932998657227
"Learned (U-Net), Full",0.7513325214385986,0.10536861419677734,0.12422370910644531
"Learned (U-Net), Full",0.7186106145381927,0.1075202226638794,0.16906285285949707
"Learned (U-Net), Full",0.8155601024627686,0.2110462188720703,0.34603190422058105
"Learned (U-Net), Full",0.7432831525802612,0.12624216079711914,0.1631946563720703
"Learned (U-Net), Full",0.6952017843723297,0.09450817108154297,0.3861360549926758
"Learned (U-Net), Full",0.8522399961948395,0.020091772079467773,0.04848599433898926
"Learned (U-Net), Full",0.9229539632797241,0.11134219169616699,0.1807565689086914
"Learned (U-Net), Full",0.8831005692481995,0.07490527629852295,0.039216041564941406
"Learned (U-Net), Full",0.912103533744812,0.05634200572967529,0.11765789985656738
"Learned (U-Net), Full",0.8879827558994293,0.03420662879943848,0.18513846397399902
"Learned (U-Net), Full",1.0272700786590576,0.15834224224090576,0.22130131721496582
"Learned (U-Net), Full",0.8615345358848572,0.02758193016052246,0.11707401275634766
"Learned (U-Net), Full",0.8618081212043762,0.10840892791748047,0.17186737060546875
"Learned (U-Net), Full",0.35252879559993744,0.04154074192047119,0.18328428268432617
"Learned (U-Net), Full",0.35556186735630035,0.021788597106933594,0.04722452163696289
"Learned (U-Net), Full",0.313239261507988,0.01739966869354248,0.008234024047851562
"Learned (U-Net), Full",0.3548445403575897,0.008645892143249512,0.009318828582763672
"Learned (U-Net), Full",0.32948340475559235,0.035659074783325195,0.08958554267883301
"Learned (U-Net), Full",0.3127635270357132,0.014049291610717773,0.023458003997802734
"Learned (U-Net), Full",0.3543265759944916,0.01224815845489502,0.08557605743408203
"Learned (U-Net), Full",0.31651894748210907,0.018343687057495117,0.0026875734329223633
